{
"companyName": "DefaultCompany",
"productName": "Waxel_World",
"productVersion": "0.1",
"dataUrl": "Waxel_Build.data.unityweb",
"wasmCodeUrl": "Waxel_Build.wasm.code.unityweb",
"wasmFrameworkUrl": "Waxel_Build.wasm.framework.unityweb",
"graphicsAPI": ["WebGL 2.0","WebGL 1.0"],
"webglContextAttributes": {"preserveDrawingBuffer": false},
"splashScreenStyle": "Dark",
"backgroundColor": "#231F20",
"cacheControl": {"default": "must-revalidate"},
"developmentBuild": true,
"multithreading": false,
"unityVersion": "2019.4.28f1"
}